{"initial_reset_timestamp": 1668377282.1339712, "timestamps": [1668377288.6347234, 1668377293.4140325, 1668377295.319274, 1668377297.759498, 1668377302.2408016, 1668377306.1129327, 1668377309.1547081, 1668377312.396533, 1668377315.5018997, 1668377342.7044814, 1668377364.7120917, 1668377392.2977831, 1668377421.8098557, 1668377450.3431003, 1668377479.0721571, 1668377506.402061, 1668377534.1890483, 1668377561.1570516, 1668377591.7354045, 1668377619.730447, 1668377659.2696588, 1668377688.5701323, 1668377717.594976, 1668377747.5964184, 1668377775.7337513, 1668377804.252927, 1668377831.826241, 1668377864.1934893, 1668377895.3863559, 1668377923.2857928, 1668377953.354325, 1668377981.0214, 1668378011.0353994, 1668378035.4357646, 1668378066.3756773, 1668378095.1057613, 1668378126.2542834, 1668378150.9757965, 1668378182.1636531, 1668378212.6818118, 1668378244.8214104, 1668378272.8810108, 1668378307.7224262, 1668378336.0006378, 1668378373.7009654, 1668378410.9214437, 1668378430.578353, 1668378469.816995, 1668378499.6456418, 1668378531.8005407], "episode_lengths": [77, 184, 75, 96, 173, 152, 119, 127, 122, 1000, 569, 1000, 1000, 1000, 1000, 1000, 1000, 1000, 1000, 1000, 1000, 1000, 1000, 1000, 1000, 1000, 1000, 1000, 1000, 1000, 738, 1000, 1000, 815, 1000, 933, 1000, 745, 1000, 1000, 705, 865, 1000, 751, 1000, 1000, 540, 1000, 845, 844], "episode_rewards": [-411.5000961834557, -578.304213979704, -331.5015102798196, -280.94017288490494, -421.6130797111833, -364.6422606865892, -80.0203917844461, -257.3340028815354, -115.74623290307953, -53.754742478387406, -144.51179893815393, -103.9129342463824, -106.2403070265697, -84.67569192741067, -129.10664128135247, -129.46307463400794, -114.69881690756367, -129.65742330658435, -124.07366836005042, -105.9803446332322, -160.35896114606555, -119.3966656705595, -116.3553709551384, -108.51882286650228, -137.44829539984974, -145.61850067227078, -112.50951533499162, -63.48828575741201, -62.20941186868817, -123.67735661972705, -249.87639534275925, -109.39820589944551, -138.85906013824896, -208.06145806059715, -115.50134071180739, 139.50843414442852, -113.49443334633825, 158.12320838214936, -88.63722854808022, -110.36056689419581, -139.19838244333891, -247.1408937124858, -79.01802931344949, -112.44568274362456, -100.45533257457454, -73.13542508883825, -90.15743034985942, -92.35423816653108, -153.02799144788403, 52.90080449230642], "episode_types": ["t", "t", "t", "t", "t", "t", "t", "t", "t", "t", "t", "t", "t", "t", "t", "t", "t", "t", "t", "t", "t", "t", "t", "t", "t", "t", "t", "t", "t", "t", "t", "t", "t", "t", "t", "t", "t", "t", "t", "t", "t", "t", "t", "t", "t", "t", "t", "t", "t", "t"]}