{"Test Reward": 21.58987487342892, "Episode": 0, "Steps": 0, "_timestamp": 1668366708.8411632, "_runtime": 11.647305250167847, "_step": 0, "_wandb": {"runtime": 12}}