{"Test Reward": 3.34968778023269, "Episode": 0, "Steps": 0, "_timestamp": 1668376190.7944837, "_runtime": 12.004668712615967, "_step": 0, "_wandb": {"runtime": 12}}