{"Test Reward": 21.484250400406246, "Episode": 0, "Batches": 0, "_timestamp": 1668383069.107612, "_runtime": 9.138405799865723, "_step": 0, "_wandb": {"runtime": 10}}