{"Test Reward": 3.34968778023269, "Episode": 0, "Steps": 0, "_timestamp": 1668375522.9213212, "_runtime": 12.82401418685913, "_step": 0, "_wandb": {"runtime": 14}}