{"initial_reset_timestamp": 1668382222.1382835, "timestamps": [1668382224.8132687, 1668382226.2243605, 1668382226.945381, 1668382228.3914309, 1668382229.9909365, 1668382231.2011638, 1668382232.2522864, 1668382233.1289153, 1668382234.4385452, 1668382235.7191877, 1668382236.5103393, 1668382237.8244514, 1668382239.1832707, 1668382240.7587323, 1668382242.524638, 1668382244.51885, 1668382246.0645282, 1668382248.9403536, 1668382250.8624294, 1668382253.2639852, 1668382256.0991645, 1668382259.0319448, 1668382262.652085, 1668382264.7745054, 1668382267.1310334, 1668382269.4506934, 1668382271.8531024, 1668382274.4036238, 1668382276.792482, 1668382280.9798489, 1668382286.1291647, 1668382289.682177, 1668382291.5683606, 1668382294.8161526, 1668382299.353522, 1668382304.0520778, 1668382307.5329864, 1668382311.7330265, 1668382314.4392133, 1668382319.4377458, 1668382324.569479, 1668382330.6209037, 1668382336.3207266, 1668382342.0816472, 1668382348.8512337, 1668382360.2034612, 1668382367.9494152, 1668382375.0922868, 1668382382.141043, 1668382390.5439134], "episode_lengths": [15, 26, 12, 28, 31, 24, 19, 15, 26, 25, 11, 21, 23, 32, 22, 39, 26, 47, 23, 26, 24, 40, 54, 17, 33, 31, 39, 39, 38, 70, 79, 54, 25, 50, 81, 85, 63, 80, 50, 95, 73, 118, 115, 112, 132, 232, 148, 138, 138, 156], "episode_rewards": [-4.574116024964647, 8.024755224526388, 1.492783249359074, 4.49638874654794, 14.603351560147214, -2.7780346825484616, 6.695848060508563, 3.675763627207565, 4.139261248186122, -3.348513513661751, 1.8347461537467114, -1.5916184011268193, 12.469428931569103, 17.13639266022873, -6.814858922655035, 6.867835973511784, 6.735571825925471, -0.8453692762919776, -5.053224082611958, -1.6524519818193624, 3.871012263552784, 13.418344905905553, 13.555484654082713, 2.9107891162509274, 7.372394978530836, 5.991568156185732, -1.968715153453134, 1.1698831412960715, 11.340772551333883, 24.252576121801862, -0.3118491479365799, -5.508509384871941, 9.583384954170521, 2.181416313457406, 11.384130546592598, -21.918401605575212, 36.261099515857524, 5.416719820815971, 13.269091058026422, -16.428118889309914, 9.544529971617996, -7.999875902003977, -35.26771104462506, -22.950088742013396, 7.601022223161219, 52.9028031439406, 14.336111452107179, -3.981730678325551, 248.27255665307626, 283.6103864438097], "episode_types": ["t", "t", "t", "t", "t", "t", "t", "t", "t", "t", "t", "t", "t", "t", "t", "t", "t", "t", "t", "t", "t", "t", "t", "t", "t", "t", "t", "t", "t", "t", "t", "t", "t", "t", "t", "t", "t", "t", "t", "t", "t", "t", "t", "t", "t", "t", "t", "t", "t", "t"]}