{"Test Reward": 3.34968778023269, "Episode": 0, "Steps": 0, "_timestamp": 1668375683.4968815, "_runtime": 12.794888496398926, "_step": 0, "_wandb": {"runtime": 13}}