{"Test Reward": 21.484250400406246, "Episode": 0, "Batches": 0, "_timestamp": 1668384517.4256325, "_runtime": 9.226605415344238, "_step": 0, "_wandb": {"runtime": 10}}